Name,Phone,City,Email,Password
Michael Leonard,4882694507,New David,michael.leonard@company.com,"\7|_@@,u2;"
Thomas Liu,3557839254,Ortizbury,thomas.liu@company.com,5?Ap24Mwif
Bryan Sullivan,2533803772,Blairborough,bryan.sullivan@company.com,"m@""fSf[uT+"
Andrew Mason,2265118111,Wrightport,andrew.mason@company.com,iq?O9ML%I:
Angela Cole MD,4494326042,Port Amberborough,angela.cole.md@company.com,(.eMo^*:g5
Jennifer Johnson,3603001332,Joycemouth,jennifer.johnson@company.com,EFD~;OFg;s
Steven Lopez,5259143580,South Matthewborough,steven.lopez@company.com,S9qq6#A'8a
Wyatt Jacobs,5378838413,East Debra,wyatt.jacobs@company.com,#r[cCzh.g)
Michael Davidson,2659267810,Smithville,michael.davidson@company.com,",m`9Qh{^gQ"
Sandy Guzman,3647023157,Jessicaberg,sandy.guzman@company.com,U}{mQf/%jK
Robin Phillips,4035307013,South Jessicaborough,robin.phillips@company.com,@qrl[{C[Yv
Mike Reyes,6727445876,Robertshire,mike.reyes@company.com,_#`hA9hR_7
Pamela Rhodes,8834285826,New Jeffrey,pamela.rhodes@company.com,:C0HF`34FI
Caroline Cook,2358190088,Hardinhaven,caroline.cook@company.com,"]\]rFi[M{,"
Michael Harrison,8694128700,Lake Angelhaven,michael.harrison@company.com,"t""E$?)O<z_"
Victoria Nguyen,6816427826,Blackwellton,victoria.nguyen@company.com,Zo(#a}==c4
Linda Olsen,8274276329,South Jimmy,linda.olsen@company.com,KC(6h:Pr2~
James Boyle,2024940964,East Danielhaven,james.boyle@company.com,CdDA@5r7*F
Gregory White,2392222104,Andersonhaven,gregory.white@company.com,`xT$%Shu+8
Jeffrey Rios,5825360380,New Michele,jeffrey.rios@company.com,k8wSN}'_[(
Derrick Marsh,6662656065,South Kevinland,derrick.marsh@company.com,6#At%Bs*|I
John Bean,2485099968,Madisonhaven,john.bean@company.com,~}iI=2\VBN
David Rios,3018100611,Nixonfort,david.rios@company.com,Y9&>%2'vfv
Kayla Matthews,5956302091,South Angelafurt,kayla.matthews@company.com,"m,Xt$mRQx%"
Adam Anderson,9842500482,Lake Jason,adam.anderson@company.com,/8K).q/6))
Frank Richardson,2538260340,Vargasborough,frank.richardson@company.com,",<qex~/qWu"
Matthew Boyd,9937044445,Kimberlychester,matthew.boyd@company.com,ngA>TjOwc7
William Bond,6229911661,Lake Lori,william.bond@company.com,G/YEI5DX[{
Maria Harris,7887512984,Lauraberg,maria.harris@company.com,Y45D0S;si^
Ryan Cooper,3733708436,Flowersview,ryan.cooper@company.com,c2ToD87!EN
Justin Cruz,7862396306,Lake Christopherchester,justin.cruz@company.com,+x62'i~cW)
Amanda Norris,9935770963,East Pam,amanda.norris@company.com,Q9MF:pF@A6
Morgan Conway,5639447768,Hesshaven,morgan.conway@company.com,>iJbO);gO!
Kimberly Robinson,2145636946,East Zacharyborough,kimberly.robinson@company.com,{^_+%2@EGI
Alexandra Blackwell,3639435869,Port Cameronchester,alexandra.blackwell@company.com,"j`""*@6[d]9"
Nancy Santos,2555866477,New Matthewborough,nancy.santos@company.com,IC/SmF:(77
Rachel Miller,8418875509,Parsonsmouth,rachel.miller@company.com,SCrlmk&L$a
Todd Bass,9169101316,Lake Shannonville,todd.bass@company.com,$o6J86}#M;
Dustin Chavez,9256861331,New Kellyhaven,dustin.chavez@company.com,o0%Z5O}euM
Angela Bush,5123864646,North Daniellefort,angela.bush@company.com,2Oa<xl%R%:
Brianna Frost,7639417214,Victorialand,brianna.frost@company.com,]c_-;DQn)M
Isaiah Miller,5589217177,Brittanyville,isaiah.miller@company.com,K[!EB*DY'h
Kelly Carter,5213335993,North Deborahville,kelly.carter@company.com,k:GX#bPN-M
Kristin George,8228310812,East Leslie,kristin.george@company.com,"l,LZwt6[(U"
Savannah Dixon,7196384198,New Kristinaberg,savannah.dixon@company.com,r1D.u'nJ54
Jennifer Lopez,5036843166,East Allen,jennifer.lopez@company.com,*%->py:K3L
Terri Bowers,8376086720,New Ronald,terri.bowers@company.com,"@,yXOh6Uj)"
April Strickland,3567095702,South Carl,april.strickland@company.com,"6QaBNG:JB"""
Sarah Velez,5656919741,Melissaside,sarah.velez@company.com,A}|*;nOSvq
Heather Wolf,4612807296,South Jayside,heather.wolf@company.com,">,'/H~>~:6"
Patricia Bridges,4942255152,Angelamouth,patricia.bridges@company.com,\q$3@Sj6_x
Jamie Tyler,3612597816,Larrymouth,jamie.tyler@company.com,BPrZxV'>IW
Renee Brown,2376892062,Jonesshire,renee.brown@company.com,x+09xEleCK
Mario Fox,7056602027,New Angelaview,mario.fox@company.com,QZ4J3+wjz;
Nicholas Macias,5968929295,Lake Deanna,nicholas.macias@company.com,<yir+`oDG_
Anthony Sampson,8858798463,Scottstad,anthony.sampson@company.com,3h:MG!;}73
Timothy Phillips,4954763938,Port Kim,timothy.phillips@company.com,"%l<""&mnv=M"
Michael Gomez,3046870274,Hernandezburgh,michael.gomez@company.com,Vu;cl;xJRE
Francisco Cortez,3246957398,Kyleburgh,francisco.cortez@company.com,HMV'`;`+$4
Elizabeth Hernandez,7116606669,Foxtown,elizabeth.hernandez@company.com,%9sK6/U'+n
Jacob Williams,8049742541,Waltersmouth,jacob.williams@company.com,<uiZXUy80U
Justin Murray,4856241719,Williambury,justin.murray@company.com,c4Gs1nBY[Z
Lisa Rojas,7723861957,Joshuaside,lisa.rojas@company.com,Ci97Yw9J7\
Courtney Graham,7743124846,West Michael,courtney.graham@company.com,p84:*Zob3m
Elizabeth Ballard,5393250932,New Anthonyberg,elizabeth.ballard@company.com,|Y{m!Lt!G|
Daniel Curtis,9684699790,North Juanport,daniel.curtis@company.com,"lTi-w?-+,d"
Cheryl Stanton,2999094293,Lake Debra,cheryl.stanton@company.com,@C\^%+Z}\@
Ian Martinez,3748102322,Cardenastown,ian.martinez@company.com,~Wh^2!ctda
Lisa Cooper,7363717974,New Robert,lisa.cooper@company.com,Qkec^r$D9C
Melissa Gonzalez,7166216797,Oliviachester,melissa.gonzalez@company.com,y\mNGuMma\
Henry Sheppard,9056946829,Jasonland,henry.sheppard@company.com,x9m4NqlRVo
Samantha Brown,8525057653,Kathleenmouth,samantha.brown@company.com,MRQkRQAq:y
David Dean,7579145653,Reedborough,david.dean@company.com,j*9ije<(]]
Christopher English,2236067336,Mcleanborough,christopher.english@company.com,"'H,a),Ux:T"
Anthony Griffin,5463821307,Combsberg,anthony.griffin@company.com,kq>AZbUo<P
Donald Boone,9332874610,South Michaelland,donald.boone@company.com,"4=E?^,M;+p"
Scott Nichols,9003144559,Jamesland,scott.nichols@company.com,BxM&mY}G-A
Elizabeth Rice,5227128059,New Cindy,elizabeth.rice@company.com,lu5leMu{?o
Ashley Gallegos,3066437440,Robertfort,ashley.gallegos@company.com,`:OGjMhqOo
Manuel Dominguez,2392687102,Amandamouth,manuel.dominguez@company.com,TN:+)+X-@)
John Owen,6797190266,Danielfurt,john.owen@company.com,|:68wMQNdi
Shawn Reyes,4184095496,Port Aaronville,shawn.reyes@company.com,+y]Y~$FXMF
Samantha Rogers,5145038533,Murphyview,samantha.rogers@company.com,)\\gJj`]89
Jimmy Allison,9364287052,Timothyburgh,jimmy.allison@company.com,"V""0CfFK#$1"
Leonard Gomez,5416122322,West Ebonyhaven,leonard.gomez@company.com,ijATkUYuNX
Jennifer Oconnell,6745731873,New Angela,jennifer.oconnell@company.com,au8`$ZXt*J
Donna Simmons,6097855604,North Courtney,donna.simmons@company.com,txy$dS{z1.
Daniel Proctor,4593829686,New Sherrytown,daniel.proctor@company.com,]/@%G]QUzE
Brian King,5829871235,Joelfort,brian.king@company.com,"B_-,zubi=Z"
Harold Bradshaw,5707654995,Michaelbury,harold.bradshaw@company.com,"<cx&aZoi,c"
Douglas Smith,5895247473,South Johnshire,douglas.smith@company.com,"V""v^}(W#(/"
