Name,Phone,City
Jeffrey Decker,(420)825-7687,Port Jasonberg
Eric Robinson,(405)985-5384x17803,Smithfort
Christine Murphy,462-495-3667,West Robertton
Vanessa Robinson,001-730-924-7335x61664,Raymondton
Brandi Evans,666.628.0384x02139,New Michelle
Mrs. Ashley Morgan,759.772.0406,Barryborough
Michael Leonard,4882694507,New David
Mary Lawson,296.650.0786x188,Leetown
Thomas Liu,3557839254,Ortizbury
David Campbell,+1-615-445-7222,Anthonymouth
Bryan Sullivan,2533803772,Blairborough
Deanna Cabrera,648-647-8658x563,North Heather
Andrew Mason,2265118111,Wrightport
Jamie Baker,(671)404-8454x681,East Joan
Timothy Lawson,(333)541-2430x29105,Douglaschester
Olivia Williams,771.966.1329x30777,East Erica
Adam Williams,+1-877-383-8590x569,North Michellebury
Raymond Tapia,(881)788-3967,Mcconnellhaven
Julie Brown,001-626-449-2972x6533,Donaldtown
Patricia Allen,+1-301-456-2756,Kennethmouth
Barry Hicks,001-892-528-0206,Port Michellebury
Dr. Jonathan Cohen,733.539.9887,South Crystaltown
Nicholas Wolfe,001-252-358-7518x32754,North Curtisbury
David Walker,(583)273-2611,Ericchester
Marcus Henry,001-540-867-5782x5023,New Charles
Douglas Yoder,887.840.0099,Cynthiashire
Michelle Jones,555.460.2943,Ayalahaven
Jennifer Hayes,(508)648-9647,Rodriguezmouth
Maurice Hernandez,741.288.9117,New Susanside
Angela Cole MD,4494326042,Port Amberborough
Jennifer Johnson,3603001332,Joycemouth
Ashlee Medina,+1-600-330-2942,Sarahport
Steven Lopez,5259143580,South Matthewborough
Wyatt Jacobs,5378838413,East Debra
David Thomas,001-385-240-9665x4434,Sampsonport
Christopher Cruz,859.268.2363,East Madisonstad
John Scott,(628)272-0942x77165,Port Shellyfurt
John Henry,971.429.0599x3117,Priceland
Katherine Palmer,(797)319-8881x51007,North Lauren
Joshua Williams,446-615-1424,Ramirezview
Jesus Scott,(227)417-4409,Piercefort
Danny Arias,+1-692-267-9189,East Debbie
Sandra Pugh,697-924-7321x76768,Harrisborough
Denise Parks,(791)264-9729x626,Port Linda
Danielle Bauer,390-640-5080x100,North Nicolefort
Dylan Clark,(534)222-3898x0960,Michaelborough
Michael Davidson,2659267810,Smithville
Benjamin Burgess,+1-916-667-8900,Alexandriachester
Shawn Clark,618.957.5016x8054,West Jeffrey
Ann Carter,803.535.9703,New Carmenfurt
Sonya Beck,+1-309-379-3438,Townsendton
Sandy Guzman,3647023157,Jessicaberg
Charles Foster,838-947-0608,Marissaside
Gregory Young,001-383-233-1739x0725,Port Alejandro
Chelsea Watkins,001-502-887-4012x24115,Landrytown
Isaac Keith,694-258-5659x7385,Sotoville
Amber Barnes,650.488.6976,Ashleyborough
Karen Perkins,775.864.7761x0347,North Amychester
Wyatt Smith,(479)640-2637,Kevinborough
Glenn Shaw,776-335-9315x4634,North Yolandafort
Danielle Johnson,+1-611-485-1421x954,Lake Nicole
Sabrina Thornton,950.208.3733x1428,Bryanport
Jessica Garcia,001-956-931-4529x5273,Port Christophertown
Ashley Harding,563.530.5326,Gabriellemouth
Jennifer Sims,001-737-797-7478x1886,Vincentport
Barbara Smith,(392)778-0158x61688,Christinemouth
Ebony Simpson,001-289-416-9533x7847,Lake Ashley
William Miller,411-229-2616x0963,Mosstown
Gary Gonzalez,515.202.9696,Joelside
Jessica Day,(386)644-1624x130,West Christopher
Shannon Smith,758-371-2556,Melaniechester
Julia Jackson,853.587.3988x04822,Jeremyton
Ms. Shannon Weaver,+1-901-511-2981x96553,Lindaview
Jocelyn Clark,(724)533-1187,New Cindy
Joy Brewer DDS,001-728-270-9129x5106,Walkermouth
Caroline Johnson,624.706.1122,West Jenna
Robin Phillips,4035307013,South Jessicaborough
Annette Velez,+1-229-559-2226x8594,East Kylie
Emily Ellison,001-569-392-3446x428,Antoniomouth
Elizabeth Lopez,923-414-6650,South Kenneth
Charles Williams,(733)441-9879x8995,Chavezshire
Karen Baker,+1-335-270-0906x2685,Pattonland
Beth Silva,+1-489-209-7732x8461,Castilloborough
Mike Reyes,6727445876,Robertshire
Daniel Strickland,(325)450-4152x35103,North Valeriehaven
Elizabeth Ryan,001-340-957-2493x29036,Leetown
Daniel Hurst,678-628-0532x689,Lake Timothy
Tony Acosta,728-350-8658x2366,Jeremyhaven
Laura Butler,(924)802-6359x0644,Melissaborough
Anthony Buck,(376)469-2128x18745,South Maria
Amanda Rivera,(383)660-1317,Lake Ashley
Darius Rice,(553)854-3924x9676,New Whitneyview
Christina Hernandez,(613)812-6371x736,Barkermouth
Pamela Rhodes,8834285826,New Jeffrey
George Wheeler,219.712.5232x4462,East Natalieborough
Michael Henderson,606.729.7950x1034,Williefurt
Kim White,988-211-0667,Quinnbury
Brenda Sandoval,449.262.5871,West Gilberttown
Matthew Miller,214-912-2240x2978,Ortizberg
Jill Humphrey,309-446-2330,Devinville
Kristin Perez,554-724-1346x27505,North Alexandria
Sheryl Burton,001-917-621-4416x8066,Markfurt
Katie Krause,(713)372-3371,New Kevin
Lauren Higgins,(314)993-6726x8168,East Melissa
Cory Hansen,571-457-4163x506,Lake Erin
Lauren Jones,448.940.0799x18064,Lake Bethanyside
Lauren Scott,(700)247-7293x3311,Lake Brian
Antonio Dixon,244-441-8360,Paulchester
Wesley Flores,001-668-841-7577x82306,North Gabriel
Jeremy Rodriguez,872-367-4188x522,Lake Nathan
Todd King,632.514.9728,Kerrton
Caroline Cook,2358190088,Hardinhaven
Chase Haynes,+1-229-336-8707x928,Port Kimberlyton
Sabrina Wilson,219-505-6864x2592,Sharonview
Cody Collins,+1-588-376-8865x84315,Duncanfurt
Michael Harrison,8694128700,Lake Angelhaven
Margaret Bryant,734.425.1249,Castillotown
Justin Russell,+1-594-865-2040,North Eric
Taylor Robinson,582-267-8199x686,Scottland
Robert Richardson,(798)764-0366x160,Port Ryan
Taylor Carter,(584)457-8055,East Elizabethstad
Douglas Roberts,712.951.7470x17939,Kelleymouth
Marie Mooney MD,+1-711-976-8469,Juanfort
Sarah Ford,(523)979-5685x59042,New Jeremyborough
Jacob Alvarez,(775)259-5807x16533,South Carl
Michael Grant,(668)848-1645x57250,South Jennifer
Keith Le,419.554.1766x0129,Port Joshuahaven
Amber Gonzales,(873)798-5057,Paulberg
Victoria Nguyen,6816427826,Blackwellton
Margaret Harris,208.711.9818x27263,Debbietown
Mark Chang,001-573-207-1699,Alexandraville
Rachel Baxter,602.520.0393,East Richard
Cheryl White,+1-975-365-5007x7981,Johnland
Carrie Freeman,(928)658-1805x053,South Elizabethville
Timothy Murphy,518.502.8270,West Richardborough
Tracie Parks MD,423.506.0346x785,Port Manuel
Matthew Bryan,+1-727-233-8948,North Toddfurt
William Rivera,937-692-5906x0916,North Kristina
Kimberly Williams,620-867-6409,Coreyfurt
Felicia Taylor,001-863-275-0165x3568,Mcknightville
Shannon Waters,429-928-9295x120,New Stephanie
Bryan Glass,(579)502-0520x6535,North Samantha
Brenda Parks,+1-531-705-3066x81807,New Sandra
Patrick Bryant,+1-629-262-7953x577,Lake Pedro
Carrie Mathis,001-554-524-5182x62000,Crystalshire
Ashley Patterson,327.479.3437x0015,Port Bethton
Kylie Byrd,(516)869-4047,Cobbberg
Nicholas Baker,607-319-4139,North Georgeland
Stephanie Williams,+1-983-846-8050x30667,Nunezton
Mark Saunders,801-280-5821x8494,Garcialand
Brett Martin,+1-879-881-9014x79483,Flemingborough
Linda Olsen,8274276329,South Jimmy
Oscar Martinez,889.783.7159x214,Fergusonfurt
Donna Reyes,621.746.6989x2497,New Phillip
Ronnie Greene,650.664.7051x6917,Andreabury
Charles Wong,328-332-7794,New Georgetown
Kayla Williams,001-818-310-9885x598,Floresport
David Williams,(435)208-0767x02564,Port Curtisshire
Lisa Rollins,(702)635-2917,New Christopher
James Boyle,2024940964,East Danielhaven
Nathan Clark,(377)471-3781x486,Stuartmouth
Katherine Bowers,445-420-9803,South Steven
Raymond Herman,232-724-4325x672,East Jasmine
Destiny Hartman,609.909.1518,East Maria
Mrs. Laurie Taylor,655-308-9273x7293,South Charles
Carol Cooper,211.963.6568x176,Romerotown
David Williams,592.618.3988,Lake Veronica
Sherri Brewer,(324)336-9684x024,Kathyside
Gregory White,2392222104,Andersonhaven
Cameron Ponce,(530)631-4232x82098,East Donna
Michelle Moran,(980)460-3929x36042,Mooreshire
Daniel Wang,(414)225-2757x72728,New Lori
David Hernandez,(426)667-2332,Johnport
Joshua Chapman,(204)816-3011x571,Lake Lucas
Norman Lawson,(976)280-9900,Jennifermouth
Jacqueline George,001-944-955-5713x5107,Lake Shelbyland
Jacob Gonzalez,+1-954-624-5993x1858,North Lisa
Daniel Lawson,+1-975-379-0251x2616,Victorfurt
Sandra Robinson,+1-761-366-4465,Johnview
Scott Larson,001-741-518-3677x084,Jenniferberg
Johnny Thompson Jr.,+1-899-713-8688x1534,Port Josechester
Lisa Lane,001-298-774-3588,Ortizview
Joel Williams,+1-252-289-0872x934,Gonzaleston
Marc Williams,924.454.2234,Kevinburgh
Thomas White,899-534-6024,North Williamland
Alicia Nicholson,727.536.6070x4705,Jacksonfort
Joseph Vincent,001-607-797-6741x13706,Bowmanberg
Lauren Vazquez,+1-557-289-1798x92317,New Donna
Edwin Cervantes,(968)471-0107x5336,South Jackside
Cassie Alexander,719-396-2950x7800,Nicholstown
Amanda Ramirez,+1-269-613-0384x156,Brentside
James Romero,(361)838-5654,Ericside
Richard Diaz,228-736-9519x171,Lake Shariberg
David Chen,450.495.3311x05366,Reyesport
Mary Walker,+1-461-865-8025x3154,New Christopher
Tyler May,962.962.3732,Lake Fred
Vicki Kirk,930-503-8393,Lake Alishatown
David Mcdowell,+1-451-473-9802x6744,Brittanytown
Tina Ford,(398)633-4303x797,West Colleenfurt
Kathryn Medina,425.461.1218,Caitlynborough
Michelle James,(297)411-5449,West Larry
Michael Parks,001-303-993-0688x11060,Steventown
Cheryl Price,870-486-5104x888,Clarkfort
Steven Singh,838.568.5782x6005,Port Chadberg
Timothy Kennedy,853.532.3782,Bowenland
Becky Terrell,226-700-5940,Port Monica
Emily Gordon,649-746-0739x96819,Susanborough
Michelle Johnson,560.949.0083,New Elizabeth
Jonathan Jones,538-206-9961,Lake Sean
Tina Maxwell,719.207.9999,Nielsenshire
Jeffrey Rios,5825360380,New Michele
Brandon Martin,001-592-963-2155x76578,Ashleyville
Steven Owens,001-845-778-1358x364,East Shanemouth
Courtney Holt,(201)999-3472,Adrianfort
April Jones,867.715.5417x6500,Lake Shane
James Goodwin,001-340-705-5227,Smithville
Gerald Foster,789.876.2085,Lake Charlesfort
David Zuniga,(564)668-2528x1226,Nicolefort
Gregory Wiley,598.405.2093,Herrerachester
Jason King,+1-294-219-9105x851,Kennedyburgh
Cheryl Williams,468.697.7403x460,Port Veronicaville
Derrick Marsh,6662656065,South Kevinland
Traci Parsons,990.278.3430,New Aimeeland
Deborah Daniels,(540)305-1734,Aprilbury
David Romero,775-345-2622x311,Schmittburgh
Janet Simmons,520-925-9307x544,West George
Linda Brewer,+1-288-899-2684,East Sherry
Christopher Morgan,+1-287-697-6492,Lowehaven
Kristine Walter,001-899-705-3297x254,North Miranda
James Hart,+1-529-381-6916x422,West Sarabury
Joseph Gray,+1-952-354-5081x526,North Kenneth
John Bean,2485099968,Madisonhaven
Danny Fitzgerald,(832)656-3788,Deleonmouth
Alan Duke,001-782-567-0247x80180,Arianaton
Jeffrey Nelson,560.764.0508,East Misty
Peter Taylor,+1-645-749-2295x954,Berryberg
Anthony Miller,345.534.7557,West Emily
Denise Finley,234.791.4277x835,New Kellie
Carolyn Frey,+1-856-338-5645,Morenoburgh
Steve White,286-229-2707x5494,South Randy
Bryan Brown,707-431-3494,Elliottborough
Jacob Love,+1-890-890-8049x2894,Sarahbury
Christina Jackson,693.819.0815,East Trevor
Jacob Mcdonald,+1-558-569-1253x59639,Williamstown
Cynthia Foster,250.663.5644x4371,Emilychester
Marcia Cummings,(948)526-2258,New Aaron
Corey Taylor,(625)541-8064x031,West Davidberg
David Rios,3018100611,Nixonfort
Robert Rodriguez,001-969-493-4305x266,Lake Tim
Theresa Hamilton,603.367.7292x90448,Lake Kylestad
Christine Anderson,(397)983-4597,Port Justin
Kimberly Ramirez,(521)695-6086x596,Port Carolview
Nicholas Miles,+1-752-925-5167x07305,Ashleyburgh
Alexandra Meadows,646.659.0909x75828,South Eric
Melissa Taylor,471-979-7300x0351,Kennethborough
Malik Douglas,671.489.3594x29324,Lake Veronicaborough
Joseph Reed,+1-391-878-7173x647,Larryberg
Jo Castro,001-295-796-5787,East Heather
Jake Lutz,221.880.8223x8937,Johnsonmouth
Ashley Ortiz,985-876-8659,Rachelview
Destiny Barron,421.264.8645x69158,South Debra
Michael Andrews,(372)877-4291x0663,North Davidberg
Martha Smith,(755)553-3588,Howellburgh
Sarah Conner,+1-266-384-8890,Davidfurt
William Barnes,577.320.3489,Lake Timothyview
James Farmer,578-263-1316,Jenniferview
Kenneth Guerrero,001-737-472-5325x1570,Porterport
Shawn Garcia,(279)931-4106x54223,Woodsbury
Dana Jarvis,602-986-5428x876,Lake Aliceburgh
Bruce Pollard,815-509-7448x45105,Huntershire
Karen Smith,283.587.5526,Davidport
Daniel Perez,(508)700-1227x84709,Stoneton
Miranda Bowman,+1-469-741-1637x18508,West Mollyport
Russell Floyd,+1-625-482-3878x51274,Anthonyburgh
Andrea Lewis,799-692-8221,Davisside
Kyle Richardson,610-262-7405x360,Hunterhaven
Karen Hobbs,001-787-794-5712x47208,South Anthonymouth
Jessica Coffey,+1-201-780-5744,East Randall
Ethan Turner,+1-578-794-8486,Wilsonburgh
Lindsay Willis,915-882-9461x14057,West Dawn
Diane Williams,241.503.7979,North Erica
Cynthia Franklin,(540)472-0821x19758,Vanceview
Michelle Johnson,001-275-660-6503x699,Robersonmouth
David Hall,296-674-2671,Waltersborough
Jonathan Phillips,+1-421-570-3292x634,North Michaelview
Mary Johnson,+1-213-344-9205x695,Yorkport
Nicole Clark,(369)402-3638x5353,Morganberg
Albert Smith,001-816-394-1600x8493,Matthewville
Jordan Yu,+1-544-303-6190x6196,Michaelshire
John Mitchell,+1-200-860-5906x85962,New Christophermouth
Destiny Allen,001-705-285-3914,Katherineview
Sara Walker,(614)507-9984x8648,South Samanthaborough
Kayla Matthews,5956302091,South Angelafurt
Andrew Dalton,+1-806-759-6049x37812,East Danielton
Alice Hamilton,+1-579-368-9254x49480,New Albert
Lindsay Conner,900.845.8315,Shannonchester
Haley Brown,+1-464-623-5612x0431,Lake William
Dennis Carroll,(780)564-8181,South Lindsayside
Jacob Dunn,(350)750-0093x29724,Lake Zacharyview
Randy Whitney,927-237-8468x7207,New Tonibury
Alicia Brown,467-632-4641,South Matthewhaven
Dr. Christopher Moreno,556.593.2253x757,Rojasview
James Martinez,(906)533-2966x541,East James
Jesse Baker,001-449-474-7176,North Dominique
Elizabeth Carroll,+1-844-658-0442x505,South Gary
Kyle Griffin,761.282.3672x6664,Lake Carolbury
Allison Jones MD,001-558-518-7723x98712,Gillmouth
Austin Barrett,(340)491-9221x223,North Danielleborough
Erin Hays,001-846-636-2545x090,Port Christopher
Marvin Porter,269.862.3703,Charlesshire
Adam Anderson,9842500482,Lake Jason
Thomas Russell,001-774-952-4480,Bowmanville
Michael Little,633-322-3217x19498,Lake Sarahchester
Angela Johnson,437-937-4280,Kimborough
Cody Richardson,938-584-9554,New Feliciastad
April Hernandez,744-257-1902,Velasquezside
Michele Simmons,282-416-4999x29859,Hunterbury
Brandon Maynard II,211-306-8184x6389,Lake Evanmouth
Michael Rice,467.628.9454x6927,Port Alexander
Victoria Myers,311-920-5445x03909,Carlsonview
Todd Smith,+1-421-885-9940,East Davidstad
Heather Carr,+1-750-598-9406x2325,East Stanleyport
Phillip Thomas,+1-626-825-9107x956,Morganchester
Donald Young,(985)773-9989x12229,Dixonville
Anna Stephens,001-454-335-6280,South Jeffport
Eric Hill,886.468.3672,Catherinestad
Anita Banks,(894)354-1333,Port Seanfurt
Kevin Cook,(445)546-4739x203,West Thomasfurt
Miranda Hudson,001-681-977-4567,Stanleyland
Ronald Kelley,001-227-724-9908x78308,New Richardshire
Victoria Pineda,257-472-8336,Jamesside
Nathaniel Ponce,263.334.7235x99996,Lake Gregorymouth
Jamie Miller,976.653.3313,Nguyenmouth
Russell Sweeney,(826)393-4395x177,Jenniferfort
Richard Tran,(383)452-7556x5721,Christymouth
Thomas Brennan,278.795.3311,Timothyfort
Gerald Bowen,661-219-0555,West Peter
Ryan Cook,407.492.8409x3004,Hayesbury
Michael Warren,001-881-457-9137x4619,West Stacyton
James Williams,961-720-3037x61325,Lake Wendy
Cynthia Mccoy,414-562-9978x19514,Timothyborough
Chad Terry,488-387-7905x69086,Donaldhaven
Kimberly Johnson,648.846.0640,Williamberg
Amy Smith,972.480.1623,Alvarezfort
Billy Nixon,001-739-801-6729,Bellmouth
Brandon Caldwell,527-517-3843x33399,South Josemouth
Andrew Ruiz,263.966.5234,Jennifershire
Amanda Miller,548.434.7576x98209,Ellisshire
Kyle Owen,001-646-694-6338,Port Amymouth
Stacey Costa,961.880.3269x665,Zunigahaven
Christopher Baker,001-242-934-7648x5046,Webbfort
Rebecca Morales,(256)481-7462,Hardingview
Jacob Cole,+1-563-936-2985x512,Elliottside
Chad Clark,(833)687-3964x15301,Erinstad
Sarah Eaton,(285)744-0049x94962,Lake John
Julia Rogers,(903)933-9703,Williamtown
Benjamin Martinez,001-384-681-5092x36015,Jeremiahberg
Frank Richardson,2538260340,Vargasborough
James Gonzalez,986-499-5233,West Anthony
Melinda Rodriguez,001-374-238-5332x49239,Kathrynberg
Joseph Clements,267-278-3571x89395,Marshallchester
Megan Gordon,001-644-334-1136,Ashleyton
Eric Smith,001-934-606-0042x8909,Anthonyhaven
Jon Zimmerman,001-405-904-9163x56166,Lake Alexa
Matthew Boyd,9937044445,Kimberlychester
Daniel Hill,+1-702-415-6131x961,West Williamview
Nancy Thompson,601-551-1976,Richardchester
Daniel Dickerson,282-377-9806x084,Joshualand
Jill Nixon,001-538-689-0320x38880,Port Victoria
Troy Jordan,(660)433-4488x68072,Hughesfort
Caleb Harrison,(218)604-1086x418,Saraport
Emily Payne,+1-323-661-8530x27081,West Lonnie
Jo Meza,356-272-7868x12218,Huberberg
Cassie Hull,(545)284-9737,Lisaville
Anthony Lawson,(903)367-9278x989,Jillfurt
Robin Copeland,(878)673-7955x88249,Lake Emily
Stephanie Newton,+1-758-522-6757x599,Pachecochester
Sherri Evans,+1-823-980-0219x27617,Heatherburgh
Nicholas Smith,001-857-217-4831,West Austinchester
David Norton,+1-420-297-1347,Carsonstad
Justin Becker,620-432-4013x1290,Elizabethberg
Sarah Sandoval,831.738.4023x3137,Richardport
William Gibson,(903)882-6415,Lake Christopherton
John Wright,001-222-806-9689x7154,Brookschester
Rachel Martin,001-432-696-0575x0509,Olsonburgh
Peggy Jones,+1-559-208-5520,Morganfurt
Jay Smith,(808)719-1002x52137,Karenchester
Reginald Reid,+1-356-322-6489x54149,West Reginamouth
Anthony Byrd,640.669.0881x1369,Port Ryanview
Michael Young,578-276-4389,Port Reginald
John Spencer,984.618.3017x848,Jamiefurt
Jasmine Gardner,(670)809-9562,Obrienhaven
William Bond,6229911661,Lake Lori
Albert Burns,(739)367-5282,Chambersville
Kristin Wilson,814-690-9986x664,Kingtown
Dr. Gregory Daniel,795-352-7749x079,Charlesmouth
Andrew Coleman,543-929-8099,New Timothy
Calvin Hubbard,918-535-8283,Lindsayborough
Joshua Schwartz,+1-920-581-5135,South Ivanchester
Maria Harris,7887512984,Lauraberg
Danielle Villa,841.812.6482x07984,Lake Crystal
Rebecca Stone,417-771-3332,West Evelynton
Ryan Cooper,3733708436,Flowersview
Regina Price,452-897-6516x530,North Christinaside
Eric Davidson,793-688-5849,Reeseville
Steven Hall,585.460.6326x74389,Zhangtown
Tanner Garcia,+1-914-591-5960x0192,South Sophiafort
Fred Lowe,001-548-795-7913x33977,Fisherbury
Shari Wallace,908.317.9542,Courtneytown
Angela Taylor,654-913-4408x90591,South Donald
Aaron Griffith,+1-760-729-8231,West Patriciaburgh
Jean Taylor,+1-487-712-0244x850,Petersonland
Eric Luna,205-864-2604x513,Josephfort
Steven Martin,(202)828-9348,New Jenniferton
Whitney Klein,905-580-8505x48121,Port Jared
Misty Bailey,+1-886-676-8769,Mooremouth
Mariah Neal,(817)846-4911,East Alisonburgh
Crystal Martinez,+1-595-415-4423x21544,Jonathanland
Sarah Pollard,481-734-2296x55663,Gabrielleberg
Erika Harris,+1-647-690-7229x430,Sydneyberg
Paul Thomas,408-811-3071,West Eric
Anthony Delgado,001-701-807-3085x84635,Sullivanborough
Michael Gordon,423-275-9021,Pattersonfurt
Gary Webb,+1-948-489-8354,West Michelle
Justin Cruz,7862396306,Lake Christopherchester
Peggy Curry,(852)317-7717x7891,Millerchester
Karla King,+1-953-390-6572,Robertchester
Kevin Foster,770.371.3239x125,Barbaraton
Melissa Diaz,(472)627-6460x61974,Caitlinville
Amanda Norris,9935770963,East Pam
Ryan Mathews,396.564.8668,East Ian
Jorge Moore,+1-684-201-6921x8300,North Thomasfort
David Ibarra,001-226-424-3551x2211,Port Mercedesmouth
Tracy Moss,999-737-1656,Lindahaven
Morgan Conway,5639447768,Hesshaven
Vicki Phillips,+1-453-443-3383x998,Powersmouth
Suzanne Dominguez,(652)590-9941x898,North Andreaborough
Jerry Andrews,(953)808-0354,Deantown
Gabriela Scott,001-355-322-1991,Lauraland
Stephanie Lewis,001-722-826-3540,New Marilyn
Kimberly Robinson,2145636946,East Zacharyborough
Nicholas Jones,(531)607-8838,North Patricia
Dana Jones,941-992-3512,North Josephview
Andrew Richardson,+1-683-635-6577x6395,Johnsonberg
Stephen Koch,001-728-309-7061,North Andrew
Alexander Estrada,450.961.3927x42878,Lake Kevin
Melissa Reed,856.495.8286x9654,South Christopherburgh
Richard Cooley,295.214.0797,Lake Allisonborough
Danielle Oconnell,+1-321-975-7498,Port Jamie
Lisa Lee,(717)329-9253x3921,Wellsmouth
Tanya Spence,821-892-8166,Scottchester
Shaun Johnson,001-230-821-7593x0817,Port Lorraineborough
Brittany Hicks,232.434.4087,West Davidshire
Michael Reyes,493.486.2480x641,Lake Nicoleberg
Patricia Long,001-457-670-0068x7659,Millershire
Danielle Espinoza,(967)591-1210x723,Jeffreyview
Mr. Joseph Cooper,001-801-440-5777x82500,Lake Ryantown
Alexandra Blackwell,3639435869,Port Cameronchester
Nancy Santos,2555866477,New Matthewborough
Kendra Taylor,+1-703-340-1004x694,Nicholasburgh
Alyssa Mora,678.865.2197x5159,Mcdanielstad
Tracy Smith,763-828-3806x76756,Brittanyland
Audrey Stewart,001-566-376-5115x8169,Jacksonbury
Lauren Foster,775.574.4496x84239,Jonestown
Amanda Villegas,610.288.9191,New Victoria
Ryan Gutierrez,+1-363-215-2233,Trujillotown
Mark Martin,630-202-3351,Mariomouth
Christian Lewis,351.990.9666,West Brandon
Phillip Nichols,399.737.0722x22264,West Cindy
Nichole Cortez,(781)521-6137,Julieton
Kaitlyn Williamson,+1-482-661-4101x51488,East Christy
Rachel Miller,8418875509,Parsonsmouth
Robert Singleton,(448)863-9789,Lake Karen
Jennifer Fisher,001-812-999-0785x44051,Rossborough
Jessica Williams,(378)966-7497x8322,Quinnfurt
Mary Walters,001-482-455-7881x9026,East Beth
Jonathan Mendez,747-777-4667x44175,South Arthur
James Mills,857-599-3069x457,Port Jamesview
Joseph Gibson,+1-282-371-5619x71287,Lake Michelleport
Sydney Miller,+1-446-307-6819x169,Collinsshire
Danny Rangel,266.765.5718,Port Jasonstad
Colleen Smith,+1-515-903-3178x8371,Lake Dianamouth
Evelyn Moore,(672)986-6924x0721,Lake Colleen
Todd Bass,9169101316,Lake Shannonville
Christina Howard,001-620-505-3082x662,Brownbury
Casey Johnson,458.870.2518,East Brittanymouth
Heidi Perez,001-561-985-7175x941,Jonathantown
Austin Campbell,001-806-384-0416,South Ericaside
Deborah Richards,(404)429-2669x835,Lake Amberburgh
Christopher Cummings,001-837-389-7253x55934,South Wanda
Dustin Chavez,9256861331,New Kellyhaven
Douglas Davis,588.401.2623x92716,Butlerport
Kara Martin,+1-993-465-7024x60760,Hoganchester
Gina Reed,(856)208-8676,Lake Amandaport
Maurice Byrd,+1-913-407-5844x5752,Jakeborough
Stephanie Evans,360-372-6503x7736,Gloriaview
Maria Ponce,315-294-4830x3530,Kevinport
Earl Miller,400.888.6002x15839,Lake Benjamin
Teresa Williams,(598)673-6978,Flowersburgh
Leah Mullen,540-861-9556x4712,Troyton
Jessica Spears,001-793-237-7209x43595,South Helen
Richard Everett,662.385.1453x219,Lake Lisa
Heather Leonard,653.421.9440x70476,Mccarthyton
David Jones,532-594-8698x85730,Watkinsbury
Scott Solis,001-388-719-6912x1598,Clarkville
Daniel Castro,(729)214-3186x884,New Jessicafurt
Angela Bush,5123864646,North Daniellefort
Brianna Frost,7639417214,Victorialand
Michael Wells,001-929-960-0629,Lake Dorothy
Derrick Robinson,001-983-476-6558x3769,Lake Robert
Lori Larson,(294)296-2284x5299,Tyronechester
Michelle Silva,+1-904-845-1143,Port Kevinberg
Brenda Garrett,822-444-4947x07965,North Gabriel
Thomas Jimenez,+1-979-379-5880,New Kathleen
Bruce Collins,+1-652-946-9765x2448,New Danielleton
Richard Williams,(776)298-9471x642,North Coltonbury
William Bailey,+1-357-810-5252x13777,Port Frank
Jason Turner,290.786.0354,West Jeffreyshire
Jessica Lane,845.604.9896,East Gloria
Isaiah Miller,5589217177,Brittanyville
Michael Warren,485-620-8749,Andersonstad
David Frank,+1-443-620-6986,Port Jessica
Hannah Terry,(943)553-9407,West Nina
Bryan Matthews,+1-712-985-6818x29246,Port Williamton
Jennifer Jones,+1-607-995-4951x013,South Rhondamouth
Taylor White,001-947-300-3251x5600,Rhondahaven
Paula Case,201-655-7578x856,Port Andrewland
Katherine Blackwell,001-673-824-7666x494,Wyattton
Eric Diaz MD,274.672.6795,Friedmanberg
Albert Gilbert,001-525-606-9231x90646,Theresamouth
James Gibson,001-344-955-6961x3026,North Antonio
Kelly Carter,5213335993,North Deborahville
Nicole Reese,001-627-823-9370x749,Brookeside
Diana Chavez,001-466-462-9124x39330,East Heather
Rachel Mckay,787-328-9340,West Robert
Lauren Boyle,923.379.0225,West Michelle
John Lee,001-280-436-5915x8455,New Wendy
Nicole Gregory,979.221.3571,North Masonland
Samantha Stewart,516.382.6515x81304,Harrisstad
Ashley White,785-430-0213,Maryfort
Jenny Richardson,+1-228-966-2300x9820,Smithton
Chelsea Campos,527-430-2568x964,Krystalport
Michael Barr,420-535-9977,Jenniferburgh
Jordan Lowe,519.928.1923,New Brian
Katherine Trevino,(992)207-1918,East Heather
Kristin George,8228310812,East Leslie
Andrew Dunlap,942.589.5596x189,Lake Patriciabury
Cory Salas,001-383-271-4449,Port Karenchester
Cindy Watts,403.564.5635x0066,Jamesshire
Melissa Walton,+1-246-719-6546,New Davidmouth
Andrea Grant,(566)813-8425x65648,South Maria
Latasha Christensen,491-396-6961x56424,North Carolyn
Savannah Dixon,7196384198,New Kristinaberg
Jennifer Lopez,5036843166,East Allen
Janice Huang,913-889-3773x83770,North Kyletown
Jason Hopkins,284.630.2169,South Toni
Sylvia Anderson,250.614.3336,New Alan
Anthony Palmer,906.230.2438x15559,Lake Jameschester
Terri Bowers,8376086720,New Ronald
Jesus Sawyer,001-208-409-2096x582,South Kelly
Rebecca Fernandez,(543)634-0862x02315,North Christopherton
Robert Roberts,479-427-8164x7694,Rebeccamouth
Christopher Gates,+1-369-452-6635x37413,New Aprilbury
April Strickland,3567095702,South Carl
Stephen Leblanc,519-362-2900,Laurenberg
Amanda Martin,689.407.7607,Courtneyhaven
Caroline Wood,+1-698-435-1196,Port Amandashire
Mary Hernandez,353-705-4803x329,West Phillip
Kimberly Johnston,(695)822-5525x2903,North Michael
Erin Turner,829.546.7579,Bobbyfurt
Jacob Warner,(933)931-9603,East Alexander
Jeffrey Price,748.267.3333,Leonardtown
Ryan Mason,481.527.1804x3260,North Kaylaberg
Derek Smith,+1-813-276-1917,South Lisaborough
Vanessa Garcia,766-539-9277,Annabury
Brandon Scott,001-629-917-5783x14767,Lake Douglas
Kyle Turner,790.257.7643,Shannonburgh
Ariel Johnson,596.304.2738,South Brittany
Joe Jones,669.761.6273x980,East Chelsealand
David Mullins,629.759.5243,North Johnfort
Robert Tanner,+1-467-702-6087x534,Simpsonland
Michael Sweeney,(311)386-7806,Jessicatown
Jonathan Johnson,(487)208-0849x358,Lake Timothy
David Johnson,956-713-4455x69827,Antonioborough
Katherine Weaver,525-938-2061,Robertmouth
Mark Murray,418-769-3970x611,West Tracy
Cynthia Grant,573.882.4633x4389,Lake Kristina
Kelly Morris,(731)627-8541,Millerfurt
Gary Richard,966-268-5434x84041,North Meghanfurt
Mrs. Rhonda Snyder,001-782-482-8391x881,New Daniel
Joseph Lawson,(588)534-5740x722,East David
Megan Burnett,(395)236-4912,Port Erik
Traci Torres,001-867-253-4648x357,Amyfurt
Ryan Davis,(916)558-6527x90495,Alexanderchester
Lauren Davis,855-460-2121,Wilsonview
James Pineda,521-786-0304,Tonyaland
Eric Smith,271.947.6679x511,Padillachester
Lisa Mcgee,001-631-665-4769x798,Markport
Charles Lee,948.946.6152,East Kylie
Ronald Ingram,341.578.9356x8403,Port Jonathan
Edward Bennett,+1-877-455-0901x9297,Wellsland
Melody Thornton,001-210-737-3528x9995,Allisonmouth
Michael Smith,(726)417-6734,Randyshire
Jamie Luna,368-435-1775,West Haleybury
Mark Reyes,001-873-799-3781x34751,Lake Nicolestad
Amanda Taylor,781-260-9604x4270,East Andreaborough
Stephanie Webb,(452)855-2206,Garychester
Douglas Shaw,(954)790-5399x98259,North Samueltown
Wendy Frank,(733)831-4691x69186,South Craigview
David Murphy,+1-505-879-6292x55230,East Dorisborough
Jennifer Carson,357-848-8515,East Jason
Jennifer Peterson,+1-856-614-1288,Port Sharon
Emily Santos,+1-402-893-5649x175,North John
Peter Aguirre,+1-276-644-7917x906,Mcguirehaven
Brianna Haney,(209)932-1800x0324,West Williamfurt
Julia Barber,892.749.5433,Cassandrashire
Steven Shaw,750.465.0403x888,New Karen
Diane Waters,+1-652-337-5422,Kimstad
Gail Navarro,+1-992-520-7117x0184,New Deborahmouth
Carrie Davis,(572)862-5016x4689,West Melissa
Sarah Velez,5656919741,Melissaside
Heather Wolf,4612807296,South Jayside
David Robinson,(834)988-9215,Cynthiatown
Lauren Golden,(911)768-6313,Nancyhaven
Gilbert Johnson,(681)335-4480,Timothyburgh
Kevin Marquez,001-534-889-0118x5500,East Samuelburgh
Cynthia Reed,849-476-3808,Millerchester
Jeffrey Lyons,(938)548-2464x56450,New Thomas
Peter Adams,627-871-7835,Alexanderton
Patricia Bridges,4942255152,Angelamouth
Melissa Sosa,521.432.0506,Marystad
Tina Ingram,973.512.8586x81155,South Elizabethbury
John Mccoy,+1-805-530-8157x561,Matthewfurt
Gina Murray,(358)492-5447x247,North Susanfort
Evan Lucas,(245)679-3154,Chadland
Michael Hayes,497-824-8349,Millertown
Melissa Frazier,+1-265-274-6251x70436,New Jessicahaven
Hunter Ford,254.333.9039x2579,Willisberg
Alexis Shaw,+1-335-958-3650,New Meghanmouth
Lindsey Rogers,+1-895-708-2043x154,West Rachelbury
Jamie Tyler,3612597816,Larrymouth
Alexandra Martin,001-531-715-8592,Lake Robertmouth
Timothy Floyd,296-386-0640,West Janicemouth
Bryan Garcia,+1-604-543-1885,Lake Charles
Logan Conley,(319)617-6141,Port Gerald
Kenneth Doyle,+1-523-562-1411x58034,North Deniseside
Matthew Miller,+1-503-885-5452x86581,Rebeccafurt
Christopher Hernandez,001-438-325-8838x00127,Taylorview
Renee Brown,2376892062,Jonesshire
Christina Gentry,(250)879-3701,Matthewfort
Kevin Marquez,490.967.4400,North Janet
Thomas Miller,507.612.7780,Levinebury
Pamela Adkins,001-558-835-3165x688,Nicolehaven
Terry Jennings,613.648.8801,East Jeffrey
Sheri Dillon,597.451.3713x5714,Franklinville
Richard Garcia,(855)894-2750x5122,Justinfort
Charles Evans,632-256-2143x39915,Lake Benjamin
Paige Johnson,(212)470-5566,Sotoborough
Misty Bailey,828.869.8319,West Frankhaven
Howard Jimenez,(246)951-7903,Port Steven
Alexander Stephens,871.614.4726x12257,Port Michael
Dawn Mann,001-347-221-0519,Melissaland
Morgan Wang,799-322-4634x7513,Paynechester
Kevin Green,923.250.3957x1941,Starkmouth
Cynthia Hunter,733-341-3286x94729,Youngmouth
Mario Fox,7056602027,New Angelaview
Elizabeth Underwood,(530)494-5351,Leemouth
Donald Steele,986-442-9841x9846,Lake Heidi
Ashley Boyle,001-268-638-0921x723,Krauseland
Pamela Daniels,001-380-418-9102,East Darryltown
Douglas Bond,392-275-7665,Lake Rebeccaside
Jennifer Greer,001-349-643-1836x357,East Curtis
Scott Copeland,593-745-5310,Lake Zacharyborough
Christopher Robinson,(815)503-6704x595,East Benjamin
Joseph Reynolds,+1-778-707-2651x4677,Port Leah
Ana Thomas,216.374.0324,Port Willie
Chris White DDS,974-651-4899x652,New Samuelshire
Melissa Jacobs,946.917.4133x6381,West Anitaberg
Robin Simpson,616.348.4709,New Joshuamouth
John Pena,876.430.8877x149,East Melanie
Christina Watson,912.641.0607,Lake Michael
Lindsay Palmer,(916)773-4411,Alexiston
Adam Wilson,263-878-0645,North Sandratown
Julia Bishop,885.498.3000,North Nicole
David Boone,+1-526-706-6469x1592,Jeanland
Kristi Sanders,(728)662-6721x250,Connerbury
Nicholas Macias,5968929295,Lake Deanna
Mrs. Jessica Garcia,579-818-9650x4510,West Justinborough
Anthony Sampson,8858798463,Scottstad
Robert Lee,001-277-492-7370x133,Lake Brendashire
Hailey Schneider,+1-377-427-0006x167,Wilsonburgh
Benjamin Fields,(822)360-8840x9657,East Jason
Timothy Phillips,4954763938,Port Kim
Dr. Tina Adams,623-239-3766x45728,Riverabury
Tara Cole,+1-224-736-9833x5148,South Andrea
Paul Lindsey,(715)568-1566x29562,Ashleyshire
Heather Turner,001-272-688-4167,Jonesview
Gabrielle Moran,001-385-417-3089x2408,Kaitlinview
Timothy Harris,+1-303-861-7029x434,Eugenemouth
Michael Gomez,3046870274,Hernandezburgh
Sherri Richardson,001-354-817-6151x4168,Carrillobury
Kenneth Sandoval,001-298-744-8503x07096,Garciaborough
Jennifer Young MD,890.354.5868,Bradfordhaven
Tracie Hill,+1-362-270-3160x43811,Ayalaport
Kathryn Roberts,(940)539-3702x69185,East Annette
Anthony Lee,001-316-786-1445x742,Port Claire
Brenda Cordova,001-242-548-9777x370,New Steven
Beth Barnes,+1-469-363-6564x35621,Robinsonberg
David Smith,001-317-381-3172x4254,West Arianaberg
Francisco Cortez,3246957398,Kyleburgh
Elizabeth Hernandez,7116606669,Foxtown
Todd Evans,(820)722-5137x90732,Richardmouth
Anthony Arellano,+1-231-643-2623x927,East Nicole
Elizabeth Chung,956-479-0793x008,Hernandezshire
William Mcdowell,001-686-375-8033x04857,Lake Michelleville
Mary Potts,(454)575-1802x55645,Martinmouth
Lisa Hill,+1-645-295-8121,West Jefferyport
Jennifer Smith,(738)814-0125,Batesbury
Michael Fischer,(309)421-8684,Robertsonhaven
Noah Reeves,386.927.9648x892,Gutierrezfurt
Jerome Walker,(925)844-1261,West Michelle
Mary Webb,(917)209-7692x40002,Robertville
Kristopher Robles,812.565.6672x518,Danielshire
Julie Leon,(959)459-6837,Lawrencemouth
Elizabeth Williamson,(393)233-4515x181,Port Samuel
Jordan Henderson,262-636-3613,Jarvisland
Katelyn Klein,+1-775-229-5408x662,West Catherineberg
Steven Irwin,247-561-1574x5476,Owenston
Raymond Smith,(711)466-6813,Lake James
Alexander Harper,335-362-8790x05203,South Rodneyview
Brad Montes,(605)559-7758x245,Jameston
Sarah Taylor,+1-635-961-9636x36706,South Alejandroberg
Daniel Boyer,001-800-725-8481x219,Kevinchester
Harold Hernandez,289.874.3429,Brookshaven
Patricia Paul,382.750.6357,Kimberlystad
Kimberly Grant,(644)884-5147x65348,Rodgersmouth
Pedro Powell,700.558.3556x054,Jenkinsbury
Tara Young,568-626-5584x47068,West Crystal
Daniel Doyle,001-531-505-3738x107,New Rebecca
Paul Gonzalez,884-874-8317x011,New Wendyhaven
Manuel James,001-700-933-5555x4320,Lake Derek
Shaun Church,(567)443-5758,Aarontown
Jacob Williams,8049742541,Waltersmouth
Stanley Brown,765-568-4254x1667,East Joshua
Robert Mckee,714.444.4592x5124,East Nicholas
Hannah Williams,+1-346-310-9996x4806,New Patricia
Justin Murray,4856241719,Williambury
Lisa Rojas,7723861957,Joshuaside
Kathy Allen,905.746.9084x76237,New Barbara
Amy Johnson,898.708.8154x6814,New Tracy
Misty Cook,764.648.5667,Lake Mary
Steven Watkins,608-685-9905,New Lauren
Candace Hayes,(994)748-2675x430,East Julie
Clayton Foley,+1-780-388-9498,West Curtisville
Thomas Esparza,230.404.2259,East Lindabury
Paul Wheeler,(562)669-7487x6777,Port Jeffrey
Alexander Schneider,695.566.3385,Taylorfurt
Charles Gonzalez,(999)239-6944,Kyleland
Jennifer Thompson,(295)545-7489,North Matthew
Alexander Gibson,(626)315-5145x198,Port Ronaldfort
Courtney Graham,7743124846,West Michael
Crystal Armstrong,244.528.9819,Lake Shelly
Elizabeth Ballard,5393250932,New Anthonyberg
Maria Singh,947-684-5947,South Scottberg
William Rios,481.578.7392,Katherinemouth
Stephanie Carroll,679.868.5082x34323,East Amandahaven
Anna Reese,(382)717-9283x66443,South Jeffrey
Daniel Curtis,9684699790,North Juanport
Aaron Carter,(310)515-3549,Tapiaton
Dennis Norton,767.681.2887x9544,West Sarahstad
Denise Wright,001-380-639-8298x017,New Tammy
Wayne Johnson,517-629-4000,Jonesport
Cheryl Stanton,2999094293,Lake Debra
Molly White,+1-758-402-8449,Gregoryhaven
Raven Archer,(527)481-7264,Lake Monicahaven
Cassandra Reed,923.452.0954x6088,Cochranshire
Matthew Edwards,295-719-2645x2494,South Tammy
Spencer Barnes,569-823-9952x72035,Toddmouth
Adam Hernandez,243.768.3577,Elizabethhaven
Justin Williams,001-613-897-0158x50647,West Josephtown
Ian Martinez,3748102322,Cardenastown
Brandon Williams,772.754.2758x66790,Brittneyview
Jessica Allen,+1-916-269-3422,Kristinborough
Christine Bradley,+1-929-817-1913x700,Espinozamouth
Cindy Harris,+1-308-753-6084,East Randallport
Lauren Williams,922-220-1465x87353,East Francis
Melissa Chen,796.729.1316x307,Davidview
Kelsey Christensen,+1-663-393-7545,North Megan
Michael Wilson,733.808.6213x6188,Benjaminchester
Lisa Cooper,7363717974,New Robert
Stacie Carey,001-588-882-9762,East Suzanne
Patricia Baker,402-950-7712,New Monica
Brian Murray,(449)497-5944,Robertsonburgh
Annette Perkins,666.833.2846x163,New Justinport
Peter Young,710.467.0343x9039,Eugenemouth
Andrew Zimmerman,(390)943-5638x03074,Youngburgh
Melissa Gonzalez,7166216797,Oliviachester
Jonathan Berry,+1-937-425-7661x609,South Christina
John Baker,(713)954-5653,East Mitchellmouth
Michael Ryan Jr.,3365465799,Jerryshire
Jessica Long,850.215.4685,Markport
Phyllis Padilla,493.398.3819,Port Laurenhaven
Trevor Kaiser,001-791-813-9376x582,Rogersstad
Carolyn Knox,(284)997-4892x153,Joneshaven
Kari Wong,643-557-6141x4665,Karenmouth
Ray Carroll,488.290.7312x491,North Linda
Jasmine Robinson,(621)776-7656,North Jessica
Diane Ford,661-564-6661x254,Jenkinstown
Jeffrey Orr,(930)478-5159,Greenborough
Jacqueline Myers,747.316.5211,Monroetown
Brendan Collins,528-866-5060x4101,Jeromefurt
Gina Morris,351.221.6574,East Sierraview
Christopher Williams,001-237-933-5851x0684,Colinfort
Sara Fleming,881-532-4311,Bradleyberg
James Daniels,(587)371-4631,Jacobborough
Erica Graham,869.348.3363,Shirleyport
Rebecca Sparks,797-370-6876x4937,North Melissabury
Henry Sheppard,9056946829,Jasonland
Melissa Moore,+1-351-933-8784x6993,Andreabury
Samantha Brown,8525057653,Kathleenmouth
Crystal Taylor,+1-450-680-2133x0944,Jenniferstad
Jane Boone,(430)508-4697x4760,South Larryside
Brandon Gonzalez,001-297-323-8909x54712,South Alisontown
Shannon Cortez,001-878-662-0756,Santiagobury
David Dean,7579145653,Reedborough
Kaitlyn Gonzales,001-648-367-6882x47644,New Christianton
Michaela Sullivan,+1-692-625-7968x296,Conwayside
Scott Martin,001-756-903-0849x883,Sarahburgh
Stephanie Evans,+1-716-595-9661x3055,Burgessburgh
Melanie Saunders,384.538.2573,South Lisaland
Stephen Boyd,586-682-2465x45399,Port Jessicashire
Shelby Cruz,821-823-7818x81121,Michelleburgh
Michael Rodriguez,809-839-9136,New Victoria
John Delacruz,391-774-1402x025,North John
Kristin Barr,(305)777-0895x6730,Porterville
Jacob Mendez,286-914-5617,North Connie
Jennifer Clarke,+1-232-859-6474x87503,Ricardohaven
Nicole Gonzalez,+1-506-579-5536x7172,Michaelstad
Christopher English,2236067336,Mcleanborough
John Russo,+1-459-491-9899x56103,Owenchester
Valerie Armstrong,(437)867-9197x1168,New David
Anthony Griffin,5463821307,Combsberg
Francis Padilla,+1-314-747-4937,Charlesmouth
Theresa Acevedo,931-423-8378x99876,East Victor
Donald Moore,+1-210-570-6636x5773,Lake Tylerfurt
Ronald Brown,(324)370-2655x260,Jorgeland
Michael Campbell,539.376.8884x489,Briggsstad
James Lara,315.309.2211,Port Andrewbury
Ian Sweeney,001-292-434-1519x986,Lake Troybury
Anthony Reeves,001-240-390-8554x62542,West Jillianville
Kellie Sullivan MD,799-992-4607,Washingtonshire
Thomas Koch,382-847-7784,North Karenland
Emily Ruiz,878-817-4538,East Cole
Johnny Martinez,001-419-504-9505x6386,South Herbert
Rachel Juarez,630-435-9424x349,North Brian
Wanda Brown,+1-780-617-2983x2034,Pamelaburgh
Robin Welch,001-741-706-3920,Pittmanside
Anthony Harris,903.642.3052x04319,West Timothy
Karen Short,001-468-902-8333,Costaborough
Brenda Mckinney,+1-329-807-1386,Rachelton
William Ruiz,471-263-8988,Galvanburgh
Jennifer Prince,+1-895-717-8371x5829,New Charles
Mary Arias,+1-232-475-3402x991,West Christie
Paula Faulkner,436-392-6481x49928,Andreborough
Richard Lopez,796-745-5626,South Anthonyfort
Stephanie Smith,(294)680-7948x2941,Jeffreyton
Angel Campbell,820.408.0580,New Rachel
Evelyn Rivera,001-445-360-2008,East Carrie
Donald Boone,9332874610,South Michaelland
Courtney Shaw,991-607-5659x804,West James
Rebecca Avery,(261)893-6153x2050,North Joseph
Scott Nichols,9003144559,Jamesland
Elizabeth Rice,5227128059,New Cindy
Ashley Gallegos,3066437440,Robertfort
Amy Kramer,001-938-640-8042x4763,North Janicemouth
Stephanie Hughes,001-648-546-2155x948,Harrisside
Brian Juarez,592-400-8761,Sophiashire
Evelyn Schroeder,(622)940-6636x2166,South Kimberlyfurt
Daniel Monroe,291.264.1452x299,West Matthew
Michael George,(946)664-1988,North Lisaville
Joshua Hudson,+1-970-767-9334x273,Port Adamfort
Garrett Roberts,+1-817-706-8272x939,Robertborough
Taylor Saunders,892-847-5744x687,East Ashleyton
Jonathan Kemp,(887)535-9191x57570,Port James
Jonathan Dougherty,(366)531-6957x0859,Tinaberg
Mark Hebert,001-422-757-4843,West Ashleybury
Brad Tran,540-864-5004x87013,Andrewberg
Raymond King,001-354-822-7996x846,West Jamesmouth
Jennifer Acosta,+1-701-420-5097x9692,Michelehaven
Manuel Dominguez,2392687102,Amandamouth
Garrett Hernandez,+1-493-878-3359x716,Josephfurt
Mr. Robert Blackwell,248-265-5728,Samanthabury
Sarah Dixon,(591)516-0279,Port Scottland
Steven Marshall,425-258-7898x40203,Port Brittneyview
Christine Bell,225-278-5616x970,West Krystal
Tyler Mitchell,503-237-1752x2045,Johnberg
Brittany Acosta,934-714-1178x5009,Washingtonview
Anthony Wiggins,774.988.4652,Lake Georgemouth
Robin Davis,001-902-713-2811x959,West Dylan
Jeremy Johnson,846.490.5851x79097,South Kristinmouth
Walter Andrews,(767)645-4212,South Cathy
Ray Charles,(366)245-6324x55540,Mirandatown
Stephen Andrews,(727)652-0001x810,East Brenda
Robert Cunningham,+1-926-494-0897x0366,Angelaport
John Owen,6797190266,Danielfurt
Caleb Mcneil,001-984-521-4233,New Douglasfort
Nichole Winters,(379)406-7150,Sanchezfort
Timothy Perry,(689)485-8216,Sarabury
Kelly Bates,(636)435-7871x828,Port Joelside
Linda Fletcher,631.930.7694x8072,West Wendy
Sara Moran,744.921.0994x516,Riceborough
Holly Nelson,+1-575-704-9068,Thomasland
Michael Thomas,601.327.5527,Adamtown
Rebecca Brown,(853)844-2433,Jasonmouth
Emily Bradley,658.336.2303x57765,Suzanneside
Michael Brown,(463)506-9539x11251,North Laura
Jenny Hancock,+1-263-342-1537x954,Amandaland
Wesley Spencer,737.266.4666x612,North Thomas
Adam Hayes,788.456.9931,New Chadview
Shannon Harris,755-415-1688x67379,North Monica
Mark Hayden,473.531.4266x7058,North Heatherton
Shawn Reyes,4184095496,Port Aaronville
Laura Richardson,853.437.7173x95288,New Audrey
Melissa Jones,477.254.3717,Allenbury
Amy Maldonado,(407)704-3380x16002,South Nicholas
Emily Stevens,988.237.9142,Owensbury
Samantha Rogers,5145038533,Murphyview
Catherine Morris,001-648-457-7637x654,Newmanport
Thomas Garrett,+1-558-991-7173x608,Jessicatown
Nicholas Jones,(589)878-2942,West Thomas
Marcus Schroeder,(624)290-3523,Allenland
Tiffany Kelley,850.921.8027x280,East Marieport
Kimberly Myers,001-550-835-0919x2019,South Kelseymouth
Christopher Orozco,785.751.7014,Aguilarton
Tracey Preston,256-932-2131x1405,Jimenezland
Anthony Villa,(269)369-4074,Thomasshire
Jimmy Allison,9364287052,Timothyburgh
Tamara Berry,831-650-2227x31742,Garciashire
Courtney Higgins,001-553-882-5938x238,West Kimton
Danielle Osborne,001-761-218-2966x055,Hernandezview
Joshua Johnson,001-466-558-1945x372,South James
Mike Thomas,912-918-1064,Port Rebeccafurt
Allen Bell,627-935-4208x403,Seanburgh
Leonard Gomez,5416122322,West Ebonyhaven
Darlene Brown,(403)460-0771x7113,East William
Joshua Anderson,(495)331-7170x645,Port Chadfurt
Jody Edwards,(893)907-9264x730,West Brianna
Paul Heath,774-749-9589x1810,Port Danielleside
Sarah Aguilar,935.608.1843,East Richard
Keith Hughes,483.777.5077x469,West Jennifer
Jennifer Oconnell,6745731873,New Angela
Thomas Cochran,245-700-4463,New Tylermouth
Janet Nguyen,653.713.5857x484,North Sarahton
Christopher Norris,871-970-8801x807,Jorgetown
Linda Gardner,593.705.8897,Mollystad
Joshua Garcia,901.358.2548x0550,Shauntown
Desiree Stone,(474)994-0490x815,Bennettshire
Tracy Sanders,001-476-890-3917,Lake Jenniferstad
Donna Simmons,6097855604,North Courtney
Gene Lawson,710.431.2691,Leonardchester
Daniel Proctor,4593829686,New Sherrytown
Brian King,5829871235,Joelfort
Bryan Bennett,831.893.8898x841,South Joseph
Virginia Clark,(816)508-5840x271,Johnsonchester
Justin Ramos,+1-885-767-5741x008,Claireport
Alyssa Harrison,+1-493-584-2655x106,New Lynnborough
Nicholas Wilson,(684)352-7366,East John
Sarah Frank,001-756-617-8603x69622,Martinfurt
Andrew Benson,+1-663-947-3870,New Samuelchester
Eric Carpenter,+1-977-504-5217x549,West Rebecca
Sarah Walsh,510.735.4917x231,Michellehaven
Julia Moore,+1-871-231-9643x142,Wilsonberg
Kara Fuller,625.988.5422x09227,Ashleyberg
Carl Johnson,270.494.3824,New Felicia
Yvonne Bailey,602-739-4949x4720,Rogerton
Cynthia Griffin,001-412-303-1423x167,East John
Ricky Hall,(403)633-6189x308,Hamiltonland
James Nguyen,295.261.5036x5928,Wrightshire
Harold Bradshaw,5707654995,Michaelbury
Allen Zhang,861-629-6700x64843,Hernandezborough
Sheila Williams,001-740-872-8444x739,Heidichester
Katelyn Davis,765.288.4713,North Jessica
Katherine Davis,333-290-7006x7640,East John
Jessica Barton,+1-847-226-2987,West Bryceborough
Katherine Ward,958-867-1550x312,North Katrinaberg
Angela Gill,(648)427-4207,New Suzanneberg
Daniel Mitchell,677.341.0175,Chapmanview
Tammy Acosta,(560)502-8792x48197,Moodymouth
Keith Cooper,+1-306-860-7244,Bowenstad
Troy Hill,707.324.5724,Davidtown
Douglas Smith,5895247473,South Johnshire
Mrs. Kristi Cole,001-309-632-8521x0302,Robertburgh
Victor Rojas,445-440-5641,Port Brandyberg
Traci Davis,536.291.9362,Adamstad
Jennifer Kirby,(570)387-1356,Kellytown
Sue Scott,001-625-479-0914x021,South Elizabeth
Brittany Hayes,300.427.0336x829,Richardsberg
Amanda Sullivan,(901)974-4735x10141,Meganstad
Daniel Cannon,625-225-0289x276,New Sandraview
Dr. Brandon Hubbard DDS,897.564.4416x762,East Christopher
